expected,standard_count,enhanced_count,standard_roundness,standard_solidity,mean_protrusion_length,mean_protrusion_width,spacing_uniformity
0,0,0,1.0,1.0,0.0,0.0,0.0
3,3,3,0.6948065836682602,0.8393938025115186,55.194671268594526,50.001930236816406,0.9889761507307806
6,6,6,0.548379952266641,0.6622038187255579,55.11160078785806,50.001930236816406,0.981464558045387
9,9,9,0.47425704998532886,0.6945441214830064,55.686062510502914,49.793422275119354,0.9730201813049805
